"Player","Pos","Team                     Currently With","Age                     At Signing","Start","End","Yrs","Value","AAV","2-Year Cash","3-Year Cash"
"Jayson Tatum","PF","BOS                  BOS","26","2025","2029","5","$313,933,410","$62,786,682","$112,583,016","$175,369,698"
"Jaylen Brown","SF","BOS                  BOS","26","2024","2028","5","$285,393,640","$57,078,728","$102,348,064","$159,426,792"
"Nikola Jokic","C","DEN                  DEN","27","2023","2027","5","$276,122,630","$55,224,526","$99,023,288","$154,247,814"
"Shai Gilgeous-Alexander","PG","OKC                  OKC","26","2027","2030","4","$271,656,000","$67,914,000","$126,126,000","$196,465,500"
"Evan Mobley","PF","CLE                  CLE","23","2025","2029","5","$269,085,780","$53,817,156","$96,499,728","$150,316,884"
"Cade Cunningham","PG","DET                  DET","22","2025","2029","5","$269,085,780","$53,817,156","$96,499,728","$150,316,884"
"Anthony Edwards","SG","MIN                  MIN","21","2024","2028","5","$244,623,120","$48,924,624","$87,726,912","$136,651,536"
"Tyrese Haliburton","PG","IND                  IND","23","2024","2028","5","$244,623,120","$48,924,624","$87,726,912","$136,651,536"
"Jalen Williams","SF","OKC                  OKC","24","2026","2030","5","$239,250,000","$47,850,000","$85,800,000","$133,650,000"
"Chet Holmgren","C","OKC                  OKC","23","2026","2030","5","$239,250,000","$47,850,000","$85,800,000","$133,650,000"
"Paolo Banchero","PF","ORL                  ORL","22","2026","2030","5","$239,250,000","$47,850,000","$89,100,000","$136,950,000"
"Franz Wagner","SF","ORL                  ORL","22","2025","2029","5","$224,238,150","$44,847,630","$80,416,440","$125,264,070"
"Scottie Barnes","PF","TOR                  TOR","22","2025","2029","5","$224,238,150","$44,847,630","$80,416,440","$125,264,070"
"De'Aaron Fox","PG","SAS                  SAS","27","2026","2029","4","$221,760,000","$55,440,000","$102,960,000","$160,380,000"
"Karl-Anthony Towns","C","NYK                  NYK","26","2024","2027","4","$220,441,984","$55,110,496","$102,348,064","$159,426,792"
"Devin Booker","SG","PHX                  PHX","25","2024","2027","4","$220,441,984","$55,110,496","$102,348,064","$159,426,792"
"Stephen Curry","PG","GSW                  GSW","33","2022","2025","4","$215,353,664","$53,838,416","$99,985,629","$155,746,845"
"Zach LaVine","SG","SAC                  SAC","27","2022","2026","5","$215,159,700","$43,031,940","$77,160,720","$94,472,420"
"Luka Doncic","PG","LAL                  LAL","22","2022","2026","5","$215,159,700","$43,031,940","$77,160,720","$94,719,730"
"Trae Young","PG","WAS                  WAS","22","2022","2026","5","$215,159,700","$43,031,940","$77,160,720","$120,192,660"
"Joel Embiid","C","PHI                  PHI","27","2023","2026","4","$213,280,928","$53,320,232","$99,023,288","$154,247,814"
"OG Anunoby","SF","NYK                  NYK","26","2024","2028","5","$212,500,000","$42,500,000","$76,206,898","$118,706,898"
"Paul George","SG","PHI                  PHI","34","2024","2027","4","$211,584,940","$52,896,235","$100,871,890","$154,998,270"
"Jamal Murray","PG","DEN                  DEN","27","2025","2028","4","$207,845,568","$51,961,392","$96,499,728","$150,316,884"
"Jaren Jackson Jr.","PF","UTA                  UTA","25","2026","2029","4","$205,000,000","$51,250,000","$99,500,000","$151,500,000"
"Tyrese Maxey","PG","PHI                  PHI","23","2024","2028","5","$203,852,600","$40,770,520","$73,105,760","$113,876,280"
"LaMelo Ball","PG","CHA                  CHA","21","2024","2028","5","$203,852,600","$40,770,520","$73,105,760","$113,876,280"
"Desmond Bane","SG","ORL                  ORL","25","2024","2028","5","$197,230,450","$39,446,090","$70,730,920","$110,177,010"
"Darius Garland","PG","LAC                  LAC","22","2023","2027","5","$197,230,450","$39,446,090","$70,730,920","$86,146,633"
"Zion Williamson","PF","NOP                  NOP","22","2023","2027","5","$197,230,450","$39,446,090","$70,730,920","$110,177,010"
"Ja Morant","PG","MEM                  MEM","22","2023","2027","5","$197,230,450","$39,446,090","$70,730,920","$110,177,010"
"Lauri Markkanen","PF","UTA                  UTA","27","2025","2028","4","$195,868,144","$48,967,036","$92,507,254","$142,331,935"
"Kevin Durant","SF","HOU                  HOU","32","2022","2025","4","$194,219,320","$48,554,830","$63,374,668","$113,230,689"
"Pascal Siakam","PF","IND                  IND","30","2024","2027","4","$188,950,272","$47,237,568","$87,726,912","$136,651,536"
"Joel Embiid","C","PHI                  PHI","30","2026","2028","3","$187,873,836","$62,624,612","$120,610,364","$187,873,836"
"Domantas Sabonis","PF","SAC                  SAC","27","2024","2027","4","$186,016,000","$46,504,000","$81,536,000","$127,008,000"
"Alperen Sengun","C","HOU                  HOU","22","2025","2029","5","$185,000,000","$37,000,000","$69,587,156","$106,926,606"
"Michael Porter Jr.","SF","BKN                  BKN","23","2022","2026","5","$179,299,750","$35,859,950","$64,300,600","$100,160,550"
"Shai Gilgeous-Alexander","PG","OKC                  OKC","23","2022","2026","5","$179,299,750","$35,859,950","$64,300,600","$100,160,550"
"Giannis Antetokounmpo","PF","MIL                  MIL","28","2025","2027","3","$175,369,698","$58,456,566","$112,583,016","$175,369,698"
"Anthony Davis","C","WAS                  WAS","30","2025","2027","3","$175,369,698","$58,456,566","$79,609,432","$142,396,114"
"Bam Adebayo","C","MIA                  MIA","23","2021","2025","5","$163,000,300","$32,600,060","$58,455,280","$91,055,340"
"De'Aaron Fox","PG","SAS                  SAS","22","2021","2025","5","$163,000,300","$32,600,060","$58,455,280","$91,055,340"
"Immanuel Quickley","PG","TOR                  TOR","25","2024","2028","5","$162,500,000","$32,500,000","$65,000,000","$97,500,000"
"Luka Doncic","PG","LAL                  LAL","26","2026","2028","3","$160,380,000","$53,460,000","$102,960,000","$160,380,000"
"Bam Adebayo","C","MIA                  MIA","26","2026","2028","3","$160,380,000","$53,460,000","$102,960,000","$160,380,000"
"Jerami Grant","PF","POR                  POR","29","2023","2027","5","$160,000,000","$32,000,000","$57,379,311","$89,379,312"
"Brandon Ingram","SF","TOR                  TOR","23","2020","2024","5","$158,253,000","$31,650,600","$56,752,800","$88,403,400"
"Jalen Brunson","PG","NYK                  NYK","27","2025","2028","4","$156,549,124","$39,137,281","$72,683,522","$113,218,563"
"Jalen Suggs","SG","ORL                  ORL","23","2025","2029","5","$150,500,000","$30,100,000","$67,400,000","$97,000,000"
"Donovan Mitchell","SG","CLE                  CLE","27","2025","2027","3","$150,316,884","$50,105,628","$96,499,728","$150,316,884"
"Mikal Bridges","SF","NYK                  NYK","28","2026","2029","4","$150,000,000","$37,500,000","$69,642,859","$108,482,144"
"Jalen Johnson","SF","ATL                  ATL","22","2025","2029","5","$150,000,000","$30,000,000","$60,000,000","$90,000,000"
"Kawhi Leonard","SF","LAC                  LAC","32","2024","2026","3","$149,505,800","$49,835,267","$99,205,800","$149,505,800"
"Keegan Murray","PF","SAC                  SAC","25","2026","2030","5","$140,000,000","$28,000,000","$50,206,901","$78,206,900"
"Devin Vassell","SG","SAS                  SAS","23","2024","2028","5","$135,000,000","$27,000,000","$56,347,826","$83,347,826"
"Jrue Holiday","PG","POR                  POR","33","2024","2027","4","$134,400,000","$33,600,000","$62,400,000","$97,200,000"
"Devin Booker","SG","PHX                  PHX","28","2028","2029","2","$132,432,664","$66,216,332","$132,432,664","$132,432,664"
"Jaden McDaniels","PF","MIN                  MIN","23","2024","2028","5","$131,000,000","$26,200,000","$46,979,310","$73,179,310"
"Jordan Poole","SG","NOP                  NOP","23","2023","2026","4","$128,000,000","$32,000,000","$57,107,143","$88,955,358"
"Christian Braun","SG","DEN                  DEN","24","2026","2030","5","$125,000,000","$25,000,000","$44,827,589","$69,827,589"
"Naz Reid","C","MIN                  MIN","25","2025","2029","5","$125,000,000","$25,000,000","$44,827,586","$69,827,586"
"John Collins","PF","LAC                  LAC","23","2021","2025","5","$125,000,000","$25,000,000","$46,500,000","$71,840,000"
"Jabari Smith Jr.","PF","HOU                  HOU","22","2026","2030","5","$122,000,000","$24,400,000","$45,395,351","$69,038,762"
"Brandon Ingram","SF","TOR                  TOR","27","2025","2027","3","$120,000,000","$40,000,000","$78,095,238","$120,000,000"
"Tyler Herro","SG","MIA                  MIA","22","2023","2026","4","$120,000,000","$30,000,000","$56,000,000","$87,000,000"
"Kyrie Irving","PG","DAL                  DAL","33","2025","2027","3","$118,473,846","$39,491,282","$76,057,284","$118,473,846"
"Derrick White","PG","BOS                  BOS","30","2025","2028","4","$118,048,000","$29,512,000","$54,808,000","$85,374,000"
"Dejounte Murray","PG","NOP                  NOP","26","2024","2027","4","$114,238,204","$28,559,551","$51,583,168","$80,350,704"
"Trey Murphy III","SF","NOP                  NOP","24","2025","2028","4","$112,000,000","$28,000,000","$52,000,000","$81,000,000"
"Jimmy Butler","SF","GSW                  GSW","35","2025","2026","2","$110,959,223","$55,479,612","$110,959,223","$110,959,223"
"Rudy Gobert","C","MIN                  MIN","32","2025","2027","3","$109,500,000","$36,500,000","$71,500,000","$109,500,000"
"Andrew Wiggins","SF","MIA                  MIA","27","2023","2026","4","$109,000,002","$27,250,001","$34,297,414","$62,520,629"
"Myles Turner","C","MIL                  MIL","29","2025","2028","4","$108,868,482","$27,217,121","$51,902,415","$79,752,492"
"R.J. Barrett","SG","TOR                  TOR","22","2023","2026","4","$107,000,000","$26,750,000","$40,481,887","$68,187,244"
"Jalen Green","SG","PHX                  PHX","22","2025","2027","3","$105,333,333","$35,111,111","$69,333,333","$105,333,333"
"Jaren Jackson Jr.","PF","UTA                  UTA","22","2022","2025","4","$104,720,000","$26,180,000","$56,048,807","$81,306,605"
"Aaron Gordon","PF","DEN                  DEN","29","2026","2028","3","$103,608,840","$34,536,280","$66,514,317","$103,608,840"
"LeBron James","PF","LAL                  LAL","39","2024","2025","2","$101,355,998","$50,677,999","$101,355,998","$101,355,998"
"Dyson Daniels","PG","ATL                  ATL","22","2026","2029","4","$100,000,000","$25,000,000","$50,000,000","$75,000,000"
"Josh Giddey","SG","CHI                  CHI","22","2025","2028","4","$100,000,000","$25,000,000","$50,000,000","$75,000,000"
"Julius Randle","PF","MIN                  MIN","30","2025","2027","3","$100,000,000","$33,333,333","$64,197,532","$100,000,000"
"Draymond Green","PF","GSW                  GSW","33","2023","2026","4","$100,000,000","$25,000,000","$46,428,572","$72,321,429"
"Anfernee Simons","SG","CHI                  CHI","23","2022","2025","4","$100,000,000","$25,000,000","$46,428,572","$72,321,429"
"Jarrett Allen","C","CLE                  CLE","23","2021","2025","5","$100,000,000","$20,000,000","$40,000,000","$60,000,000"
"Nicolas Claxton","C","BKN                  BKN","25","2024","2027","4","$97,000,000","$24,250,000","$53,098,577","$76,246,304"
"Cameron Johnson","SF","DEN                  DEN","27","2023","2026","4","$94,500,000","$23,625,000","$47,519,022","$68,062,500"
"Khris Middleton","SF","DAL                  DAL","31","2023","2025","3","$93,000,000","$31,000,000","$40,462,325","$75,548,744"
"Mikal Bridges","SF","NYK                  NYK","25","2022","2025","4","$90,900,000","$22,725,000","$28,820,690","$52,120,690"
"Jarrett Allen","C","CLE                  CLE","26","2026","2028","3","$90,720,000","$30,240,000","$58,240,000","$90,720,000"
"Shaedon Sharpe","SG","POR                  POR","22","2026","2029","4","$90,000,000","$22,500,000","$41,785,716","$65,089,287"
"Kevin Durant","SF","HOU                  HOU","37","2026","2027","2","$90,000,000","$45,000,000","$90,000,000","$90,000,000"
"Patrick Williams","PF","CHI                  CHI","22","2024","2028","5","$90,000,000","$18,000,000","$36,000,000","$54,000,000"
"Kyle Kuzma","PF","MIL                  MIL","27","2023","2026","4","$90,000,000","$22,500,000","$35,423,929","$57,651,201"
"De'Andre Hunter","SF","SAC                  SAC","24","2023","2026","4","$90,000,000","$22,500,000","$28,318,966","$37,827,894"
"Norman Powell","SG","MIA                  MIA","28","2021","2025","5","$90,000,000","$18,000,000","$22,555,292","$40,555,292"
"PJ Washington","PF","DAL                  DAL","27","2026","2029","4","$88,762,439","$22,190,610","$41,211,131","$64,194,263"
"Isaiah Hartenstein","C","OKC                  OKC","26","2024","2026","3","$87,000,000","$29,000,000","$58,500,000","$87,000,000"
"Aaron Gordon","PF","DEN                  DEN","26","2022","2025","4","$86,640,001","$21,660,000","$41,957,091","$64,798,546"
"Dillon Brooks","SF","PHX                  PHX","27","2023","2026","4","$86,000,001","$21,500,000","$45,883,164","$68,007,274"
"Jakob Poeltl","C","TOR                  TOR","29","2027","2029","3","$84,084,000","$28,028,000","$56,784,000","$84,084,000"
"Luguentz Dort","SG","OKC                  OKC","23","2022","2026","5","$82,500,000","$16,500,000","$30,555,556","$47,555,556"
"James Harden","SG","CLE                  CLE","35","2025","2026","2","$81,500,000","$40,750,000","$57,630,084","$57,630,084"
"Alex Caruso","SG","OKC                  OKC","30","2025","2028","4","$81,096,960","$20,274,240","$37,652,160","$58,650,480"
"Toumani Camara","PF","POR                  POR","25","2026","2029","4","$81,000,000","$20,250,000","$37,607,144","$58,580,358"
"Josh Hart","SG","NYK                  NYK","28","2024","2027","4","$80,915,280","$20,228,820","$37,616,240","$58,540,000"
"Jakob Poeltl","C","TOR                  TOR","27","2023","2026","4","$78,000,000","$19,500,000","$39,000,000","$58,500,000"
"Malik Monk","SG","SAC                  SAC","26","2024","2027","4","$77,975,308","$19,493,827","$36,202,822","$56,392,857"
"Miles Bridges","SF","CHA                  CHA","26","2024","2026","3","$75,000,000","$25,000,000","$52,173,913","$75,000,000"
"Keldon Johnson","SG","SAS                  SAS","22","2023","2026","4","$74,000,000","$18,500,000","$39,000,000","$56,500,000"
"DeMar DeRozan","SF","SAC                  SAC","34","2024","2026","3","$73,710,000","$24,570,000","$47,970,000","$73,710,000"
"Collin Sexton","PG","CHI                  CHI","23","2022","2025","4","$70,950,000","$17,737,500","$34,025,000","$52,175,000"
"Grayson Allen","SG","PHX                  PHX","28","2024","2027","4","$70,000,000","$17,500,000","$32,500,000","$50,625,000"
"Jusuf Nurkic","C","UTA                  UTA","27","2022","2025","4","$70,000,000","$17,500,000","$32,500,000","$39,375,000"
"Bogdan Bogdanovic","SG","LAC                  LAC","30","2023","2026","4","$68,000,000","$17,000,000","$25,246,897","$41,266,897"
"Herb Jones","SF","NOP                  NOP","26","2027","2029","3","$67,580,892","$22,526,964","$43,385,264","$67,580,892"
"Lauri Markkanen","PF","UTA                  UTA","24","2021","2024","4","$67,470,906","$16,867,727","$32,166,363","$49,426,362"
"Kentavious Caldwell-Pope","SG","MEM                  MEM","31","2024","2026","3","$66,000,000","$22,000,000","$44,378,500","$66,000,000"
"Kevin Huerter","SG","DET                  DET","23","2022","2025","4","$65,000,000","$16,250,000","$30,178,572","$36,949,405"
"C.J. McCollum","SG","ATL                  ATL","31","2024","2025","2","$63,999,999","$32,000,000","$49,900,382","$49,900,382"
"Cooper Flagg","SF","DAL                  DAL","18","2025","2028","4","$62,730,226","$15,682,557","$28,343,400","$43,552,080"
"Stephen Curry","PG","GSW                  GSW","36","2026","2026","1","$62,587,158","$62,587,158","$62,587,158","$62,587,158"
"Nikola Jovic","SF","MIA                  MIA","22","2026","2029","4","$62,400,000","$15,600,000","$31,104,000","$46,200,000"
"Max Strus","SG","CLE                  CLE","27","2023","2026","4","$62,297,040","$15,574,260","$29,699,752","$45,636,204"
"Onyeka Okongwu","C","ATL                  ATL","22","2024","2027","4","$61,980,000","$15,495,000","$29,000,000","$45,100,000"
"Nickeil Alexander-Walker","SG","ATL                  ATL","26","2025","2028","4","$60,647,200","$15,161,800","$29,565,510","$44,727,310"
"Isaiah Stewart","C","DET                  DET","22","2024","2027","4","$60,000,000","$15,000,000","$30,000,000","$45,000,000"
"Kristaps Porzingis","PF","GSW                  GSW","27","2024","2025","2","$60,000,000","$30,000,000","$40,925,147","$40,925,147"
"Nikola Vucevic","C","BOS                  BOS","32","2023","2025","3","$60,000,000","$20,000,000","$38,518,519","$46,666,667"
"Mitchell Robinson","C","NYK                  NYK","24","2022","2025","4","$60,000,000","$15,000,000","$32,727,272","$47,045,454"
"Jonathan Isaac","PF","ORL                  ORL","26","2025","2028","4","$59,000,000","$14,750,000","$29,500,000","$44,000,000"
"Wendell Carter Jr.","C","ORL                  ORL","25","2026","2028","3","$58,650,480","$19,550,160","$37,652,160","$58,650,480"
"Ivica Zubac","C","IND                  IND","27","2025","2027","3","$58,650,480","$19,550,160","$26,416,436","$47,414,756"
"Andrew Nembhard","PG","IND                  IND","24","2025","2027","3","$58,650,480","$19,550,160","$37,652,160","$58,650,480"
"Obi Toppin","PF","IND                  IND","26","2024","2027","4","$58,000,000","$14,500,000","$26,975,000","$41,975,000"
"Zaccharie Risacher","SF","ATL                  ATL","19","2024","2027","4","$57,027,437","$14,256,859","$25,766,760","$39,592,800"
"Dylan Harper","PG","SAS                  SAS","19","2025","2028","4","$56,140,114","$14,035,029","$25,359,360","$38,967,120"
"Victor Wembanyama","C","SAS                  SAS","19","2023","2026","4","$55,174,766","$13,793,692","$24,929,640","$38,306,520"
"Deni Avdija","SF","POR                  POR","22","2024","2027","4","$55,000,000","$13,750,000","$30,000,000","$43,125,000"
"Daniel Gafford","C","DAL                  DAL","26","2026","2028","3","$54,380,290","$18,126,763","$35,390,347","$54,380,289"
"Corey Kispert","SF","ATL                  ATL","25","2025","2028","4","$54,000,000","$13,500,000","$21,524,713","$34,549,713"
"Harrison Barnes","PF","SAS                  SAS","31","2023","2025","3","$54,000,000","$18,000,000","$35,000,000","$54,000,000"
"Austin Reaves","SG","LAL                  LAL","25","2023","2026","4","$53,827,872","$13,456,968","$24,991,512","$38,929,086"
"Herb Jones","SF","NOP                  NOP","24","2023","2026","4","$53,827,872","$13,456,968","$24,991,512","$38,929,086"
"Grant Williams","PF","CHA                  CHA","24","2023","2026","4","$53,341,500","$13,335,375","$17,730,595","$31,376,095"
"Dorian Finney-Smith","PF","HOU                  HOU","32","2025","2028","4","$52,705,000","$13,176,250","$26,035,000","$39,370,000"
"Santi Aldama","C","MEM                  MEM","24","2025","2027","3","$52,500,002","$17,500,001","$35,492,959","$52,500,002"
"Tobias Harris","PF","DET                  DET","31","2024","2025","2","$52,000,000","$26,000,000","$52,000,000","$52,000,000"
"Alex Sarr","PF","WAS                  WAS","19","2024","2027","4","$51,036,398","$12,759,100","$23,053,920","$35,424,600"
"Rui Hachimura","PF","LAL                  LAL","25","2023","2025","3","$51,000,000","$17,000,000","$32,740,741","$51,000,000"
"VJ Edgecombe","SG","PHI                  PHI","19","2025","2028","4","$50,438,478","$12,609,620","$22,772,760","$34,992,600"
"Paolo Banchero","PF","ORL                  ORL","19","2022","2025","4","$50,158,769","$12,539,692","$22,663,200","$34,824,000"
"Fred VanVleet","PG","HOU                  HOU","31","2025","2026","2","$50,000,000","$25,000,000","$50,000,000","$50,000,000"
"Klay Thompson","SG","DAL                  DAL","34","2024","2026","3","$50,000,000","$16,666,667","$32,539,683","$50,000,000"
"Brandon Clarke","PF","MEM                  MEM","26","2023","2026","4","$50,000,000","$12,500,000","$25,000,000","$37,500,000"
"Wendell Carter Jr.","C","ORL                  ORL","22","2022","2025","4","$50,000,000","$12,500,000","$27,200,000","$39,150,000"
"Brandon Miller","SF","CHA                  CHA","20","2023","2026","4","$49,378,426","$12,344,607","$22,305,000","$34,273,800"
"Isaiah Joe","SG","OKC                  OKC","25","2024","2027","4","$48,000,000","$12,000,000","$25,353,988","$36,676,994"
"Jarred Vanderbilt","PF","LAL                  LAL","24","2024","2027","4","$48,000,000","$12,000,000","$22,285,715","$34,714,286"
"Robert Williams III","C","POR                  POR","23","2022","2025","4","$48,000,000","$12,000,000","$22,285,716","$34,714,287"
"Duncan Robinson","SF","DET                  DET","31","2025","2027","3","$47,978,871","$15,992,957","$32,827,649","$47,978,871"
"Terance Mann","SG","BKN                  BKN","27","2025","2027","3","$47,000,000","$15,666,667","$31,000,000","$47,000,000"
"Donte DiVincenzo","SG","MIN                  MIN","26","2023","2026","4","$46,870,000","$11,717,500","$22,345,000","$34,335,000"
"Jonathan Kuminga","PF","ATL                  ATL","22","2025","2026","2","$46,800,000","$23,400,000","$32,834,483","$32,834,483"
"PJ Washington","PF","DAL                  DAL","25","2023","2025","3","$46,500,000","$15,500,000","$21,890,555","$36,042,729"
"Reed Sheppard","SG","HOU                  HOU","20","2024","2027","4","$45,853,025","$11,463,256","$20,702,520","$31,811,400"
"Kon Knueppel","SF","CHA                  CHA","19","2025","2028","4","$45,487,014","$11,371,754","$20,532,240","$31,549,800"
"AJ Green","SG","MIL                  MIL","26","2026","2029","4","$45,000,000","$11,250,000","$20,892,859","$32,544,645"
"Sam Hauser","SF","BOS                  BOS","26","2025","2028","4","$45,000,000","$11,250,000","$20,892,859","$32,544,644"
"Aaron Wiggins","SG","OKC                  OKC","25","2024","2028","5","$45,000,000","$9,000,000","$20,654,200","$29,485,976"
"Chet Holmgren","C","OKC                  OKC","20","2022","2025","4","$44,889,248","$11,222,312","$20,277,240","$31,157,880"
"T.J. McConnell","PG","IND                  IND","32","2025","2028","4","$44,800,000","$11,200,000","$21,200,000","$33,000,000"
"Dennis Schröder","PG","CLE                  CLE","31","2025","2027","3","$44,427,600","$14,809,200","$20,564,280","$36,078,680"
"Scoot Henderson","PG","POR                  POR","19","2023","2026","4","$44,363,603","$11,090,901","$20,030,040","$30,778,080"
"Bobby Portis","PF","MIL                  MIL","30","2025","2027","3","$43,564,242","$14,521,414","$27,967,168","$43,564,242"
"Royce O'Neale","SF","PHX                  PHX","31","2024","2027","4","$42,000,000","$10,500,000","$19,500,000","$30,375,000"
"Damian Lillard","PG","POR                  POR","35","2025","2027","3","$41,606,000","$13,868,667","$27,502,000","$41,606,000"
"Stephon Castle","PG","SAS                  SAS","19","2024","2027","4","$41,351,699","$10,337,925","$18,665,640","$28,681,560"
"Ace Bailey","SF","UTA                  UTA","18","2025","2028","4","$41,209,782","$10,302,446","$18,592,920","$28,569,480"
"Josh Green","SG","CHA                  CHA","22","2024","2026","3","$41,000,000","$13,666,667","$26,320,988","$41,000,000"
"Luke Kornet","C","SAS                  SAS","29","2025","2028","4","$40,700,000","$10,175,000","$21,450,000","$31,350,000"
"Aaron Nesmith","SF","IND                  IND","26","2027","2028","2","$40,389,440","$20,194,720","$40,389,440","$40,389,440"
"Jabari Smith Jr.","PF","HOU                  HOU","19","2022","2025","4","$40,330,432","$10,082,608","$18,209,160","$27,980,040"
"Daniel Gafford","C","DAL                  DAL","23","2023","2025","3","$40,182,480","$13,394,160","$18,098,367","$32,484,687"
"Amen Thompson","PG","HOU                  HOU","20","2023","2026","4","$40,008,489","$10,002,122","$18,059,280","$27,749,880"
"Steven Adams","C","HOU                  HOU","31","2025","2027","3","$39,000,000","$13,000,000","$27,130,435","$39,000,000"
"Sam Merrill","SG","CLE                  CLE","29","2025","2028","4","$38,000,000","$9,500,000","$17,642,859","$27,482,144"
"Buddy Hield","SG","ATL                  ATL","31","2024","2027","4","$37,756,096","$9,439,024","$12,277,544","$21,936,080"
"Moses Moody","SG","GSW                  GSW","22","2025","2027","3","$37,500,000","$12,500,000","$24,074,075","$37,500,000"
"Ron Holland II","SF","DET                  DET","18","2024","2027","4","$37,463,383","$9,365,846","$16,902,600","$25,972,200"
"Tre Johnson","SG","WAS                  WAS","19","2025","2028","4","$37,439,131","$9,359,783","$16,887,240","$25,948,920"
"Alex Caruso","SG","OKC                  OKC","27","2021","2024","4","$36,980,000","$9,245,000","$17,630,000","$27,090,000"
"Keegan Murray","PF","SAC                  SAC","21","2022","2025","4","$36,371,093","$9,092,773","$16,417,440","$25,227,000"
"Ausar Thompson","SG","DET                  DET","20","2023","2026","4","$36,246,405","$9,061,601","$16,353,480","$25,128,480"
"Coby White","PG","CHA                  CHA","23","2023","2025","3","$36,000,000","$12,000,000","$23,111,111","$36,000,000"
"Caleb Martin","SF","DAL                  DAL","28","2024","2027","4","$35,040,704","$8,760,176","$11,741,118","$20,705,019"
"Zach Collins","C","CHI                  CHI","25","2024","2025","2","$34,821,696","$17,410,848","$24,815,462","$24,815,462"
"Jeremiah Fears","PG","NOP                  NOP","18","2025","2028","4","$34,193,629","$8,548,407","$15,416,280","$23,688,240"
"Tidjane Salaun","PF","CHA                  CHA","18","2024","2027","4","$34,035,473","$8,508,868","$15,351,960","$23,589,840"
"T.J. McConnell","PG","IND                  IND","29","2021","2024","4","$33,600,000","$8,400,000","$15,600,000","$24,300,000"
"Matisse Thybulle","SG","POR                  POR","26","2023","2025","3","$33,075,000","$11,025,000","$21,525,000","$33,075,000"
"Isaac Okoro","SG","CHI                  CHI","23","2024","2026","3","$33,000,000","$11,000,000","$21,185,186","$33,000,000"
"Aaron Nesmith","SF","IND                  IND","24","2024","2026","3","$33,000,000","$11,000,000","$22,000,000","$33,000,000"
"Gabe Vincent","PG","ATL                  ATL","27","2023","2025","3","$33,000,000","$11,000,000","$14,862,069","$26,362,069"
"Maxi Kleber","PF","LAL                  LAL","30","2023","2025","3","$33,000,000","$11,000,000","$15,488,506","$26,488,506"
"Anthony Black","SG","ORL                  ORL","19","2023","2026","4","$32,929,836","$8,232,459","$14,853,240","$22,823,520"
"Zeke Nnaji","PF","DEN                  DEN","22","2024","2027","4","$32,000,001","$8,000,000","$17,066,667","$24,533,334"
"Max Christie","SG","DAL                  DAL","21","2024","2027","4","$32,000,000","$8,000,000","$10,628,900","$18,914,614"
"Egor Demin","PG","BKN                  BKN","19","2025","2028","4","$31,340,682","$7,835,171","$14,122,920","$21,701,160"
"Donovan Clingan","C","POR                  POR","20","2024","2027","4","$31,085,018","$7,771,255","$14,014,800","$21,534,720"
"Jonas Valanciunas","C","DEN                  DEN","32","2024","2026","3","$30,295,000","$10,098,333","$14,207,069","$24,207,069"
"Bilal Coulibaly","SF","WAS                  WAS","18","2023","2026","4","$30,075,132","$7,518,783","$13,559,520","$20,835,120"
"Derrick Jones Jr.","SF","LAC                  LAC","27","2024","2026","3","$30,000,000","$10,000,000","$19,523,810","$30,000,000"
"Payton Pritchard","PG","BOS                  BOS","25","2024","2027","4","$30,000,000","$7,500,000","$13,928,572","$21,696,429"
"Bennedict Mathurin","SG","LAC                  LAC","20","2022","2025","4","$29,936,173","$7,484,043","$13,502,880","$20,748,600"
"Caris LeVert","SG","DET                  DET","30","2025","2026","2","$28,913,200","$14,456,600","$28,913,200","$28,913,200"
"Collin Murray-Boyles","PF","TOR                  TOR","20","2025","2028","4","$28,822,764","$7,205,691","$12,982,080","$19,948,080"
"Rob Dillingham","PG","CHI                  CHI","19","2024","2027","4","$28,491,576","$7,122,894","$8,757,310","$15,646,630"
"Ty Jerome","SG","MEM                  MEM","28","2025","2027","3","$27,660,150","$9,220,050","$18,001,050","$27,660,150"
"Jarace Walker","PF","IND                  IND","19","2023","2026","4","$27,566,102","$6,891,526","$12,422,040","$19,087,560"
"Khaman Maluach","C","PHX                  PHX","18","2025","2028","4","$27,386,800","$6,846,700","$12,332,760","$18,949,920"
"Shaedon Sharpe","SG","POR                  POR","19","2022","2025","4","$27,340,903","$6,835,226","$12,326,760","$18,940,920"
"Kenrich Williams","PF","OKC                  OKC","27","2023","2026","4","$27,170,000","$6,792,500","$12,844,000","$20,007,000"
"Jalen Smith","PF","CHI                  CHI","24","2024","2026","3","$27,000,000","$9,000,000","$17,571,429","$27,000,000"
"Naji Marshall","SF","DAL                  DAL","26","2024","2026","3","$27,000,000","$9,000,000","$17,571,429","$27,000,000"
"Cedric Coward","SG","MEM                  MEM","21","2025","2028","4","$26,345,863","$6,586,466","$11,716,200","$18,003,120"
"Kelly Olynyk","PF","SAS                  SAS","32","2024","2025","2","$26,250,000","$13,125,000","$18,302,145","$18,302,145"
"Zach Edey","C","MEM                  MEM","22","2024","2027","4","$26,202,577","$6,550,644","$11,801,880","$18,134,640"
"Taylor Hendricks","PF","MEM                  MEM","19","2023","2026","4","$25,351,580","$6,337,895","$11,418,600","$17,545,680"
"Noa Essengue","PF","CHI                  CHI","18","2025","2028","4","$25,333,944","$6,333,486","$11,130,720","$17,103,480"
"Dyson Daniels","PG","ATL                  ATL","19","2022","2025","4","$25,059,949","$6,264,987","$11,292,720","$17,352,240"
"Goga Bitadze","C","ORL                  ORL","24","2024","2026","3","$25,000,000","$8,333,333","$17,391,304","$25,000,000"
"Cody Williams","SG","UTA                  UTA","19","2024","2027","4","$24,897,090","$6,224,273","$11,211,600","$17,227,200"
"Derik Queen","C","NOP                  NOP","20","2025","2028","4","$24,355,798","$6,088,950","$10,574,040","$16,247,880"
"Cason Wallace","PG","OKC                  OKC","19","2023","2026","4","$24,088,326","$6,022,082","$10,847,280","$16,667,520"
"Tre Mann","PG","CHA                  CHA","24","2025","2027","3","$24,000,000","$8,000,000","$16,000,000","$24,000,000"
"Tre Jones","PG","CHI                  CHI","25","2025","2027","3","$24,000,000","$8,000,000","$16,000,000","$24,000,000"
"Jaylin Williams","C","OKC                  OKC","23","2025","2027","3","$24,000,000","$8,000,000","$16,225,352","$24,000,000"
"Davion Mitchell","PG","MIA                  MIA","26","2025","2026","2","$24,000,000","$12,000,000","$24,000,000","$24,000,000"
"Matas Buzelis","SF","CHI                  CHI","19","2024","2027","4","$23,950,723","$5,987,681","$10,651,080","$16,366,440"
"Carter Bryant","PF","SAS                  SAS","19","2025","2028","4","$23,419,859","$5,854,965","$10,045,680","$15,436,320"
"Jett Howard","SG","ORL                  ORL","19","2023","2026","4","$23,172,779","$5,793,195","$10,305,120","$15,834,840"
"Nikola Topic","PG","OKC                  OKC","18","2024","2027","4","$23,030,850","$5,757,713","$10,118,880","$15,548,640"
"Thomas Sorber","C","OKC                  OKC","19","2025","2028","4","$22,512,733","$5,628,183","$9,542,760","$14,663,160"
"Dereck Lively II","C","DAL                  DAL","19","2023","2026","4","$22,282,691","$5,570,673","$9,790,200","$15,043,560"
"Devin Carter","PG","SAC                  SAC","22","2024","2027","4","$22,141,697","$5,535,424","$9,612,720","$14,770,800"
"Terance Mann","SG","BKN                  BKN","24","2023","2024","2","$22,000,000","$11,000,000","$14,909,814","$14,909,814"
"Gradey Dick","SG","TOR                  TOR","19","2023","2026","4","$21,422,551","$5,355,638","$9,300,480","$14,291,040"
"Yang Hansen","C","POR                  POR","20","2025","2028","4","$21,393,588","$5,348,397","$9,065,880","$13,930,800"
"Bub Carrington","PG","WAS                  WAS","18","2024","2027","4","$21,290,770","$5,322,693","$9,132,480","$14,033,040"
"Clint Capela","C","HOU                  HOU","31","2025","2027","3","$21,105,000","$7,035,000","$13,735,000","$21,105,000"
"Ousmane Dieng","SF","MIL                  MIL","19","2022","2025","4","$21,066,202","$5,266,551","$9,368,280","$14,395,320"
"Isaiah Jackson","PF","LAC                  LAC","23","2025","2027","3","$21,000,000","$7,000,000","$9,882,759","$16,282,759"
"Ayo Dosunmu","PG","MIN                  MIN","23","2023","2025","3","$21,000,000","$7,000,000","$13,481,482","$16,333,334"
"Jae’Sean Tate","SF","HOU                  HOU","26","2022","2024","3","$20,630,434","$6,876,811","$14,065,217","$21,130,434"
"Jordan Hawkins","SG","NOP                  NOP","21","2023","2026","4","$20,599,055","$5,149,764","$8,835,840","$13,577,160"
"Kel'el Ware","C","MIA                  MIA","20","2024","2027","4","$20,466,072","$5,116,518","$8,675,160","$13,330,080"
"Joan Beringer","C","MIN                  MIN","18","2025","2028","4","$20,331,643","$5,082,911","$8,612,280","$13,233,480"
"Jalen Williams","SF","OKC                  OKC","21","2022","2025","4","$20,256,917","$5,064,229","$8,900,160","$13,675,920"
"Jalen Duren","C","DET                  DET","18","2022","2025","4","$19,474,944","$4,868,736","$8,454,960","$12,991,800"
"Jared McCain","PG","OKC                  OKC","20","2024","2027","4","$19,448,588","$4,862,147","$5,670,087","$10,092,687"
"Walter Clayton Jr.","PG","MEM                  MEM","22","2025","2028","4","$19,324,472","$4,831,118","$5,750,346","$10,140,666"
"Saddiq Bey","SF","NOP                  NOP","25","2024","2026","3","$19,000,000","$6,333,333","$12,670,433","$19,111,111"
"Keyonte George","SG","UTA                  UTA","19","2023","2026","4","$18,816,885","$4,704,221","$7,974,000","$12,252,960"
"Ochai Agbaji","SF","BKN                  BKN","22","2022","2025","4","$18,726,365","$4,681,591","$5,478,919","$9,789,199"
"Dean Wade","PF","CLE                  CLE","25","2023","2025","3","$18,500,000","$6,166,667","$11,876,544","$18,500,000"
"John Konchar","SG","UTA                  UTA","26","2024","2026","3","$18,495,000","$6,165,000","$8,574,310","$14,739,310"
"Dalton Knecht","SF","LAL                  LAL","23","2024","2027","4","$18,483,220","$4,620,805","$7,829,280","$12,030,360"
"Nolan Traore","PG","BKN                  BKN","19","2025","2028","4","$18,463,882","$4,615,971","$7,813,560","$12,006,600"
"Mark Williams","C","PHX                  PHX","20","2022","2025","4","$18,001,011","$4,500,253","$7,630,200","$11,724,480"
"Jaden Hardy","SG","WAS                  WAS","22","2025","2027","3","$18,000,000","$6,000,000","$8,344,828","$14,344,828"
"Brook Lopez","C","LAC                  LAC","37","2025","2026","2","$17,937,500","$8,968,750","$17,937,500","$17,937,500"
"Kasparas Jakucionis","PG","MIA                  MIA","19","2025","2028","4","$17,730,607","$4,432,652","$7,500,480","$11,524,920"
"Tristan Da Silva","SF","ORL                  ORL","23","2024","2027","4","$17,567,626","$4,391,907","$7,437,960","$11,429,160"
"Will Riley","SF","WAS                  WAS","19","2025","2028","4","$17,220,192","$4,305,048","$7,200,840","$11,064,840"
"Jaime Jaquez Jr.","SF","MIA                  MIA","22","2023","2026","4","$16,997,141","$4,249,285","$7,196,400","$11,058,000"
"Ja'Kobe Walter","SG","TOR                  TOR","19","2024","2027","4","$16,785,132","$4,196,283","$7,103,160","$10,914,960"
"Drake Powell","SF","BKN                  BKN","19","2025","2028","4","$16,723,992","$4,180,998","$6,912,840","$10,622,160"
"Kelly Oubre Jr.","SF","PHI                  PHI","28","2024","2025","2","$16,365,150","$8,182,575","$16,365,150","$16,365,150"
"Kris Dunn","PG","LAC                  LAC","30","2024","2026","3","$16,279,200","$5,426,400","$10,594,400","$16,279,200"
"Tari Eason","PF","HOU                  HOU","21","2022","2025","4","$16,257,246","$4,064,312","$6,886,320","$10,581,480"
"Asa Newell","PF","ATL                  ATL","19","2025","2028","4","$16,240,654","$4,060,164","$6,636,960","$10,197,840"
"Brandin Podziemski","SG","GSW                  GSW","20","2023","2026","4","$16,239,819","$4,059,955","$6,872,400","$6,872,400"
"Deandre Ayton","C","LAL                  LAL","26","2025","2026","2","$16,208,000","$8,104,000","$16,208,000","$16,208,000"
"Jaylon Tyson","SG","CLE                  CLE","21","2024","2027","4","$16,118,700","$4,029,675","$6,818,640","$10,477,200"
"Kevon Looney","C","NOP                  NOP","29","2025","2026","2","$16,000,000","$8,000,000","$16,000,000","$16,000,000"
"Simone Fontecchio","SF","MIA                  MIA","28","2024","2025","2","$16,000,000","$8,000,000","$16,000,000","$16,000,000"
"Nique Clifford","SF","SAC                  SAC","23","2025","2028","4","$15,769,801","$3,942,450","$6,371,520","$9,790,320"
"Yves Missi","C","NOP                  NOP","20","2024","2027","4","$15,654,827","$3,913,707","$6,546,240","$10,059,000"
"Cam Whitmore","SF","WAS                  WAS","18","2023","2026","4","$15,595,310","$3,898,828","$6,597,240","$10,137,000"
"Alperen Sengun","C","HOU                  HOU","19","2021","2024","4","$15,550,974","$3,887,744","$6,590,040","$10,126,320"
"Jase Richardson","SG","ORL                  ORL","19","2025","2028","4","$15,308,562","$3,827,141","$6,115,680","$9,397,680"
"DaRon Holmes II","PF","DEN                  DEN","21","2024","2027","4","$15,203,658","$3,800,915","$6,284,400","$9,656,520"
"Noah Clowney","PF","BKN                  BKN","18","2023","2026","4","$15,146,274","$3,786,569","$6,333,600","$9,732,240"
"Sviatoslav Mykhailiuk","SG","UTA                  UTA","27","2024","2027","4","$15,050,000","$3,762,500","$7,175,000","$11,025,000"
"Gui Santos","SF","GSW                  GSW","23","2026","2028","3","$15,000,000","$5,000,000","$9,629,630","$15,000,000"
"Nick Richards","C","CHI                  CHI","25","2023","2025","3","$15,000,000","$5,000,000","$7,528,736","$9,425,288"
"Ben Saraf","PG","BKN                  BKN","19","2025","2028","4","$14,806,816","$3,701,704","$5,913,120","$9,086,040"
"AJ Johnson","PG","DAL                  DAL","19","2024","2027","4","$14,616,288","$3,654,072","$2,268,058","$5,505,178"
"Danny Wolf","PF","BKN                  BKN","21","2025","2028","4","$14,384,200","$3,596,050","$5,742,720","$8,824,560"
"Kyshawn George","SG","WAS                  WAS","20","2024","2027","4","$14,336,172","$3,584,043","$5,792,280","$8,900,280"
"Hugo Gonzalez","SF","BOS                  BOS","19","2025","2028","4","$14,298,145","$3,574,536","$5,707,440","$8,770,080"
"Kris Murray","PF","POR                  POR","22","2023","2026","4","$14,284,524","$3,571,131","$5,837,520","$8,969,520"
"Liam McNeeley","SF","CHA                  CHA","19","2025","2028","4","$14,194,138","$3,548,535","$5,666,040","$8,706,360"
"Yanic Konan Niederhauser","F","LAC                  LAC","22","2025","2028","4","$14,091,596","$3,522,899","$5,624,760","$8,643,240"
"Christian Braun","SG","DEN                  DEN","21","2022","2025","4","$13,769,157","$3,442,289","$5,757,720","$8,847,360"
"Marcus Sasser","PG","DET                  DET","22","2023","2026","4","$13,464,823","$3,366,206","$5,379,120","$8,265,840"
"Walker Kessler","C","UTA                  UTA","20","2022","2025","4","$13,372,418","$3,343,105","$5,527,560","$8,493,480"
"Terrence Shannon Jr.","SG","MIN                  MIN","23","2024","2027","4","$13,076,519","$3,269,130","$5,220,720","$8,022,360"
"Ben Sheppard","SF","IND                  IND","21","2023","2026","4","$13,023,429","$3,255,857","$5,201,040","$7,991,760"
"Pacome Dadiet","SG","NYK                  NYK","18","2024","2027","4","$13,012,968","$3,253,242","$4,655,680","$7,639,360"
"Miles McBride","PG","NYK                  NYK","23","2024","2026","3","$13,000,000","$4,333,333","$9,043,477","$13,000,000"
"Ryan Dunn","SF","PHX                  PHX","21","2024","2027","4","$12,998,353","$3,249,588","$5,188,560","$7,972,800"
"Isaiah Collier","PG","UTA                  UTA","19","2024","2027","4","$12,903,788","$3,225,947","$5,150,880","$7,914,840"
"Baylor Scheierman","SG","BOS                  BOS","23","2024","2027","4","$12,810,353","$3,202,588","$5,113,320","$7,857,360"
"Brice Sensabaugh","SF","UTA                  UTA","19","2023","2026","4","$12,576,077","$3,144,019","$5,020,080","$7,713,840"
"Day'Ron Sharpe","C","BKN                  BKN","23","2025","2026","2","$12,500,000","$6,250,000","$12,500,000","$12,500,000"
"Ziaire Williams","SF","BKN                  BKN","23","2025","2026","2","$12,500,000","$6,250,000","$12,500,000","$12,500,000"
"Julian Strawther","SF","DEN                  DEN","21","2023","2026","4","$12,484,731","$3,121,183","$4,983,600","$7,657,800"
"Kobe Brown","PF","IND                  IND","23","2023","2026","4","$12,394,179","$3,098,545","$4,947,240","$5,954,263"
"Tyrese Maxey","PG","PHI                  PHI","20","2020","2023","4","$12,152,560","$3,038,140","$5,081,760","$7,808,640"
"Ryan Rollins","SG","MIL                  MIL","23","2025","2027","3","$12,000,000","$4,000,000","$8,000,000","$12,000,000"
"Jake LaRavia","PF","LAL                  LAL","23","2025","2026","2","$12,000,000","$6,000,000","$12,000,000","$12,000,000"
"Kyle Filipowski","PF","UTA                  UTA","20","2024","2027","4","$12,000,000","$3,000,000","$6,000,000","$9,000,000"
"Dwight Powell","C","DAL                  DAL","31","2023","2025","3","$12,000,000","$4,000,000","$8,000,000","$12,000,000"
"Julian Champagnie","SF","SAS                  SAS","22","2023","2026","4","$12,000,000","$3,000,000","$6,000,000","$9,000,000"
"Al Horford","C","GSW                  GSW","39","2025","2026","2","$11,654,250","$5,827,125","$11,654,250","$11,654,250"
"D'Angelo Russell","PG","WAS                  WAS","29","2025","2026","2","$11,654,250","$5,827,125","$8,190,974","$8,190,974"
"Nikola Jovic","SF","MIA                  MIA","19","2022","2025","4","$11,501,537","$2,875,384","$4,591,920","$7,056,120"
"Nicolas Batum","SF","LAC                  LAC","36","2025","2026","2","$11,483,280","$5,741,640","$11,483,280","$11,483,280"
"Guerschon Yabusele","PF","CHI                  CHI","29","2025","2026","2","$11,275,000","$5,637,500","$7,861,207","$7,861,207"
"Peyton Watson","SG","DEN                  DEN","19","2022","2025","4","$11,267,516","$2,816,879","$4,497,480","$6,911,040"
"Luke Kennard","SG","LAL                  LAL","29","2025","2025","1","$11,000,000","$11,000,000","$6,827,586","$6,827,586"
"Bradley Beal","SG","LAC                  LAC","32","2025","2026","2","$10,975,700","$5,487,850","$10,975,700","$10,975,700"
"Paul Reed","C","DET                  DET","26","2025","2026","2","$10,938,583","$5,469,292","$10,938,583","$10,938,583"
"Marcus Smart","PG","LAL                  LAL","31","2025","2026","2","$10,524,700","$5,262,350","$10,524,700","$10,524,700"
"Kevin Porter Jr.","PG","MIL                  MIL","25","2025","2026","2","$10,524,700","$5,262,350","$10,524,700","$10,524,700"
"Cam Spencer","SG","MEM                  MEM","25","2025","2028","4","$10,396,518","$2,599,130","$4,949,079","$7,565,833"
"Kendrick Nunn","PG","WAS                  WAS","26","2021","2022","2","$10,250,000","$5,125,000","$7,293,103","$7,293,103"
"Vit Krejci","PG","POR                  POR","24","2024","2027","4","$10,185,213","$2,546,303","$3,121,342","$5,789,286"
"Jay Huff","C","IND                  IND","26","2024","2027","4","$10,110,640","$2,527,660","$4,437,611","$7,105,555"
"Andre Drummond","C","PHI                  PHI","30","2024","2025","2","$10,000,000","$5,000,000","$10,000,000","$10,000,000"
"Ryan Kalkbrenner","C","CHA                  CHA","23","2025","2028","4","$9,968,963","$2,492,241","$4,707,364","$7,233,265"
"Sion James","SF","CHA                  CHA","22","2025","2028","4","$9,968,963","$2,492,241","$4,707,364","$7,233,265"
"Justin Champagnie","SF","WAS                  WAS","23","2024","2027","4","$9,822,607","$2,455,652","$4,149,578","$6,817,522"
"Scotty Pippen Jr.","PG","MEM                  MEM","23","2024","2027","4","$9,608,931","$2,402,233","$4,358,254","$6,819,716"
"Tyler Kolek","PG","NYK                  NYK","23","2024","2027","4","$9,062,682","$2,265,671","$4,279,416","$6,575,687"
"Jose Alvarado","PG","NYK                  NYK","26","2025","2026","2","$9,000,000","$4,500,000","$6,206,897","$6,206,897"
"Tristan Vukcevic","C","WAS                  WAS","22","2025","2027","3","$8,857,143","$2,952,381","$5,857,143","$8,857,143"
"Quentin Grimes","SG","PHI                  PHI","25","2025","2025","1","$8,741,209","$8,741,209","$8,741,209","$8,741,209"
"Ajay Mitchell","PG","OKC                  OKC","23","2025","2027","3","$8,700,000","$2,900,000","$5,850,000","$8,700,000"
"Noah Penda","SF","ORL                  ORL","20","2025","2028","4","$8,685,387","$2,171,347","$3,423,787","$5,949,688"
"Tyrese Proctor","SG","CLE                  CLE","21","2025","2028","4","$8,685,387","$2,171,347","$3,423,787","$5,949,688"
"Will Richard","G","GSW                  GSW","22","2025","2028","4","$8,685,386","$2,171,347","$3,423,787","$5,949,688"
"Kam Jones","PG","IND                  IND","23","2025","2028","4","$8,685,386","$2,171,347","$3,423,787","$5,949,688"
"Rasheer Fleming","PF","PHX                  PHX","20","2025","2028","4","$8,685,386","$2,171,347","$3,423,787","$5,949,688"
"Chaz Lanier","SG","DET                  DET","23","2025","2028","4","$8,685,386","$2,171,347","$3,423,787","$5,949,688"
"Micah Peavy","SG","NOP                  NOP","23","2025","2028","4","$8,685,386","$2,171,347","$3,423,787","$5,949,688"
"Johni Broome","C","PHI                  PHI","22","2025","2028","4","$8,685,386","$2,171,347","$3,423,787","$5,949,688"
"Johnny Furphy","SG","IND                  IND","19","2024","2027","4","$8,589,485","$2,147,371","$3,806,219","$6,102,490"
"Andrew Nembhard","PG","IND                  IND","22","2022","2025","4","$8,583,166","$2,145,792","$4,376,016","$6,395,715"
"G.G. Jackson","PF","MEM                  MEM","19","2023","2026","4","$8,511,167","$2,127,792","$3,883,285","$6,104,962"
"Leonard Miller","SF","CHI                  CHI","19","2023","2026","4","$8,319,739","$2,079,935","$3,691,857","$4,534,562"
"Dylan Cardwell","PF","SAC                  SAC","24","2025","2028","4","$8,283,516","$2,070,879","$3,021,917","$5,547,818"
"Jalen Pickett","PG","DEN                  DEN","23","2023","2026","4","$8,227,882","$2,056,971","$3,600,000","$5,821,677"
"Julian Phillips","SF","MIN                  MIN","19","2023","2026","4","$8,119,739","$2,029,935","$3,491,857","$4,334,562"
"Craig Porter Jr.","G","CLE                  CLE","23","2023","2026","4","$8,019,739","$2,004,935","$3,391,857","$5,613,534"
"Kevin Love","C","UTA                  UTA","35","2024","2025","2","$8,000,000","$4,000,000","$8,000,000","$8,000,000"
"George Hill","PG","IND                  IND","35","2021","2022","2","$8,000,000","$4,000,000","$5,356,322","$5,356,322"
"Dru Smith","SG","MIA                  MIA","27","2025","2027","3","$7,898,151","$2,632,717","$4,963,409","$7,898,151"
"Adem Bona","C","PHI                  PHI","21","2024","2027","4","$7,895,796","$1,973,949","$3,112,530","$5,408,801"
"Jaylen Wells","SG","MEM                  MEM","20","2024","2027","4","$7,895,796","$1,973,949","$3,112,530","$5,408,801"
"Cameron Christie","SG","LAC                  LAC","18","2024","2027","4","$7,895,796","$1,973,949","$3,112,530","$5,408,801"
"Oso Ighodaro","C","PHX                  PHX","21","2024","2027","4","$7,895,796","$1,973,949","$3,112,530","$5,408,801"
"Bronny James","PG","LAL                  LAL","19","2024","2027","4","$7,895,796","$1,973,949","$3,112,530","$5,408,801"
"Daniss Jenkins","G","DET                  DET","24","2025","2026","2","$7,809,524","$3,904,762","$7,809,524","$7,809,524"
"Jordan Walsh","SF","BOS                  BOS","19","2023","2026","4","$7,639,303","$1,909,826","$3,011,420","$5,233,097"
"Andre Jackson Jr.","SG","MIL                  MIL","21","2023","2026","4","$7,639,302","$1,909,826","$3,011,420","$5,233,097"
"Trayce Jackson-Davis","PF","TOR                  TOR","23","2023","2026","4","$7,639,302","$1,909,826","$3,011,420","$3,854,125"
"Mouhamed Gueye","PF","ATL                  ATL","20","2023","2026","4","$7,639,302","$1,909,826","$3,011,420","$5,233,097"
"Toumani Camara","PF","POR                  POR","23","2023","2026","4","$7,639,302","$1,909,826","$3,011,420","$5,233,097"
"Gary Trent Jr.","SG","MIL                  MIL","26","2025","2026","2","$7,579,065","$3,789,533","$7,579,065","$7,579,065"
"Gary Harris","SG","MIL                  MIL","30","2025","2026","2","$7,450,014","$3,725,007","$7,450,014","$7,450,014"
"Neemias Queta","C","BOS                  BOS","24","2024","2026","3","$7,180,128","$2,393,376","$4,512,184","$7,180,128"
"Taurean Prince","PF","MIL                  MIL","31","2025","2026","2","$7,119,635","$3,559,818","$7,119,635","$7,119,635"
"Justin Edwards","SG","PHI                  PHI","21","2025","2027","3","$7,076,338","$2,358,779","$4,459,584","$7,076,338"
"Dominick Barlow","PF","PHI                  PHI","22","2025","2026","2","$6,830,000","$3,415,000","$6,830,000","$6,830,000"
"De'Anthony Melton","SG","GSW                  GSW","27","2025","2026","2","$6,532,700","$3,266,350","$6,532,700","$6,532,700"
"AJ Green","SG","MIL                  MIL","23","2023","2025","3","$6,324,049","$2,108,016","$4,022,462","$6,324,049"
"Bryce McGowens","SG","NOP                  NOP","23","2025","2025","3","$6,243,879","$2,081,293","$3,309,137","$6,243,879"
"Quenton Jackson","G","IND                  IND","27","2025","2027","3","$6,120,834","$2,040,278","$3,186,092","$6,120,834"
"Jamal Shead","PG","TOR                  TOR","21","2024","2026","3","$6,113,913","$2,037,971","$3,817,642","$6,113,913"
"Jonathan Mogbo","C","TOR                  TOR","22","2024","2026","3","$6,113,913","$2,037,971","$3,817,642","$6,113,913"
"Malik Beasley","SG","DET                  DET","27","2024","2024","1","$6,000,000","$6,000,000","$6,000,000","$6,000,000"
"Maxime Raynaud","C","SAC                  SAC","22","2025","2027","3","$5,949,689","$1,983,230","$3,423,788","$5,949,689"
"Adou Thiero","SF","LAL                  LAL","21","2025","2027","3","$5,949,688","$1,983,229","$3,423,787","$5,949,688"
"Pete Nance","PF","MIL                  MIL","26","2025","2027","3","$5,805,424","$1,935,141","$3,097,812","$5,805,424"
"Ariel Hukporti","C","NYK                  NYK","22","2024","2025","2","$5,745,331","$2,872,666","$3,019,426","$3,019,426"
"Moussa Diabate","PF","CHA                  CHA","23","2024","2026","3","$5,689,960","$1,896,653","$3,228,498","$5,689,960"
"Sam Hauser","SF","BOS                  BOS","24","2022","2024","3","$5,658,206","$1,886,069","$3,565,862","$5,658,206"
"Myron Gardner","G","MIA                  MIA","24","2025","2027","3","$5,505,469","$1,835,156","$2,979,568","$5,505,469"
"Karlo Matkovic","PF","NOP                  NOP","23","2024","2026","3","$5,408,801","$1,802,934","$3,112,530","$5,408,801"
"Pelle Larsson","SG","MIA                  MIA","23","2024","2026","3","$5,408,801","$1,802,934","$3,112,530","$5,408,801"
"Sandro Mamukelashvili","C","TOR                  TOR","26","2025","2026","2","$5,262,809","$2,631,405","$5,262,809","$5,262,809"
"Jericho Sims","C","MIL                  MIL","26","2025","2026","2","$5,262,809","$2,631,405","$5,262,809","$5,262,809"
"Trendon Watford","PF","PHI                  PHI","24","2025","2026","2","$5,262,809","$2,631,405","$5,262,809","$5,262,809"
"Luka Garza","C","BOS                  BOS","26","2025","2026","2","$5,262,809","$2,631,405","$5,262,809","$5,262,809"
"Jamison Battle","SF","TOR                  TOR","23","2024","2026","3","$5,251,648","$1,750,549","$2,955,377","$5,251,648"
"Gui Santos","SF","GSW                  GSW","21","2023","2025","3","$5,143,017","$1,714,339","$2,921,340","$5,143,017"
"Pat Connaughton","SG","CHA                  CHA","33","2025","2026","2","$5,131,675","$2,565,838","$5,131,675","$5,131,675"
"Keon Ellis","SF","CLE                  CLE","24","2023","2025","3","$5,105,710","$1,701,903","$2,804,123","$3,743,276"
"Moritz Wagner","C","ORL                  ORL","28","2025","2025","1","$5,000,000","$5,000,000","$5,000,000","$5,000,000"
"Jalen Wilson","PF","BKN                  BKN","23","2023","2025","3","$4,963,534","$1,654,511","$2,741,857","$4,963,534"
"Josh Minott","SF","BKN                  BKN","22","2025","2026","2","$4,963,409","$2,481,705","$3,486,869","$3,486,869"
"Xavier Tillman","C","CHA                  CHA","25","2024","2025","2","$4,784,366","$2,392,183","$3,203,671","$3,203,671"
"Taj Gibson","C","MEM                  MEM","40","2025","2026","2","$4,776,614","$2,388,307","$4,776,614","$4,776,614"
"Micah Potter","C","IND                  IND","27","2025","2026","2","$4,329,151","$2,164,576","$4,329,151","$4,329,151"
"Haywood Highsmith","F","PHX                  PHX","29","2025","2025","1","$3,846,142","$3,846,142","$3,846,142","$3,846,142"
"Russell Westbrook","PG","SAC                  SAC","36","2025","2025","1","$3,634,153","$3,634,153","$3,634,153","$3,634,153"
"Bismack Biyombo","C","SAS                  SAS","33","2025","2025","1","$3,634,153","$3,634,153","$3,634,153","$3,634,153"
"Doug McDermott","SF","SAC                  SAC","33","2025","2025","1","$3,634,153","$3,634,153","$3,634,153","$3,634,153"
"Kyle Lowry","PG","PHI                  PHI","39","2025","2025","1","$3,634,153","$3,634,153","$3,634,153","$3,634,153"
"Larry Nance Jr.","PF","CLE                  CLE","32","2025","2025","1","$3,634,153","$3,634,153","$3,634,153","$3,634,153"
"Tim Hardaway Jr.","SG","DEN                  DEN","33","2025","2025","1","$3,634,153","$3,634,153","$3,634,153","$3,634,153"
"Jordan Clarkson","SG","NYK                  NYK","33","2025","2025","1","$3,634,153","$3,634,153","$3,634,153","$3,634,153"
"Jeff Green","PF","HOU                  HOU","38","2025","2025","1","$3,634,153","$3,634,153","$3,634,153","$3,634,153"
"Joe Ingles","SF","MIN                  MIN","37","2025","2025","1","$3,634,153","$3,634,153","$3,634,153","$3,634,153"
"Garrett Temple","SG","TOR                  TOR","39","2025","2025","1","$3,634,153","$3,634,153","$3,634,153","$3,634,153"
"DeAndre Jordan","C","NOP                  NOP","37","2025","2025","1","$3,571,495","$3,571,495","$3,592,381","$3,592,381"
"Killian Hayes","PG","SAC                  SAC","24","2025","2026","2","$3,462,816","$1,731,408","$3,462,816","$3,462,816"
"Jaxson Hayes","C","LAL                  LAL","25","2025","2025","1","$3,449,323","$3,449,323","$3,449,323","$3,449,323"
"Jabari Walker","SF","PHI                  PHI","23","2025","2026","2","$3,309,137","$1,654,569","$3,309,137","$3,309,137"
"Gary Payton II","PG","GSW                  GSW","32","2025","2025","1","$3,303,774","$3,303,774","$3,303,774","$3,303,774"
"Tristan Thompson","C","CLE                  CLE","33","2024","2024","1","$3,303,771","$3,303,771","$3,303,771","$3,303,771"
"Patty Mills","PG","LAC                  LAC","36","2024","2024","1","$3,303,771","$3,303,771","$1,348,090","$1,348,090"
"James Johnson","PF","IND                  IND","37","2024","2024","1","$3,303,771","$3,303,771","$3,303,771","$3,303,771"
"Thomas Bryant","C","CLE                  CLE","28","2025","2025","1","$3,287,409","$3,287,409","$3,287,409","$3,287,409"
"Jamir Watkins","G","WAS                  WAS","24","2025","2026","2","$3,282,887","$1,641,444","$3,282,887","$3,282,887"
"Jordan Miller","SF","LAC                  LAC","26","2025","2026","2","$3,210,449","$1,605,225","$3,210,449","$3,210,449"
"Justin Holiday","SG","DEN                  DEN","34","2023","2023","1","$3,196,448","$3,196,448","$3,196,448","$3,196,448"
"Sidy Cissoko","SG","POR                  POR","21","2025","2026","2","$3,184,055","$1,592,028","$3,184,055","$3,184,055"
"Jamaree Bouyea","PG","PHX                  PHX","26","2025","2026","2","$3,158,749","$1,579,375","$3,158,749","$3,158,749"
"Nae'qwan Tomlin","F","CLE                  CLE","25","2025","2026","2","$3,129,240","$1,564,620","$3,129,240","$3,129,240"
"Landry Shamet","SG","NYK                  NYK","28","2025","2025","1","$3,080,921","$3,080,921","$3,080,921","$3,080,921"
"Josh Okogie","SG","HOU                  HOU","26","2025","2025","1","$3,080,921","$3,080,921","$3,080,921","$3,080,921"
"Marvin Bagley III","PF","DAL                  DAL","26","2025","2025","1","$3,080,921","$3,080,921","$1,204,038","$1,204,038"
"Drew Eubanks","C","SAC                  SAC","28","2025","2025","1","$3,080,921","$3,080,921","$3,080,921","$3,080,921"
"Bruce Brown Jr.","SG","DEN                  DEN","28","2025","2025","1","$3,080,921","$3,080,921","$3,080,921","$3,080,921"
"Aaron Holiday","PG","HOU                  HOU","28","2025","2025","1","$3,080,921","$3,080,921","$3,080,921","$3,080,921"
"Olivier-Maxence Prosper","PF","MEM                  MEM","23","2025","2026","2","$3,025,691","$1,512,846","$3,025,691","$3,025,691"
"Jamal Cain","SF","ORL                  ORL","27","2025","2026","2","$2,912,659","$1,456,330","$2,912,659","$2,912,659"
"Thanasis Antetokounmpo","SF","MIL                  MIL","33","2025","2025","1","$2,874,436","$2,874,436","$2,874,436","$2,874,436"
"Amir Coffey","SG","PHX                  PHX","28","2025","2025","1","$2,874,436","$2,874,436","$1,090,303","$1,090,303"
"Javonte Green","SG","DET                  DET","32","2025","2025","1","$2,874,436","$2,874,436","$2,874,436","$2,874,436"
"Jordan McLaughlin","PG","SAS                  SAS","29","2025","2025","1","$2,874,436","$2,874,436","$2,874,436","$2,874,436"
"Dalano Banton","PG","BOS                  BOS","26","2025","2026","2","$2,829,639","$1,414,820","$2,829,639","$2,829,639"
"Damion Lee","SG","PHX                  PHX","31","2024","2024","1","$2,800,834","$2,800,834","$2,800,834","$2,800,834"
"Seth Curry","SG","GSW                  GSW","35","2025","2025","1","$2,777,830","$2,777,830","$2,777,830","$2,777,830"
"Dalen Terry","SG","PHI                  PHI","23","2025","2026","2","$2,710,470","$1,355,235","$2,710,470","$2,710,470"
"Ron Harper Jr.","SG","BOS                  BOS","25","2025","2026","2","$2,707,584","$1,353,792","$2,707,584","$2,707,584"
"Jaylen Clark","SG","MIN                  MIN","23","2024","2025","2","$2,684,220","$1,342,110","$2,684,220","$2,684,220"
"Keshad Johnson","PF","MIA                  MIA","23","2024","2025","2","$2,680,260","$1,340,130","$2,680,260","$2,680,260"
"Anthony Gill","PF","WAS                  WAS","32","2025","2025","1","$2,667,947","$2,667,947","$2,667,947","$2,667,947"
"Jae’Sean Tate","SF","HOU                  HOU","29","2025","2025","1","$2,667,947","$2,667,947","$2,667,947","$2,667,947"
"J.D. Davison","PG","HOU                  HOU","23","2025","2026","2","$2,666,569","$1,333,285","$2,666,569","$2,666,569"
"Amari Williams","C","BOS                  BOS","24","2025","2026","2","$2,641,045","$1,320,523","$2,641,045","$2,641,045"
"Kobe Sanders","G","LAC                  LAC","23","2025","2026","2","$2,626,393","$1,313,197","$2,626,414","$2,626,414"
"Jordan Goodwin","PG","PHX                  PHX","26","2024","2025","2","$2,573,296","$1,286,648","$2,573,296","$2,573,296"
"Nick Smith Jr.","PG","LAL                  LAL","21","2025","2026","2","$2,511,009","$1,255,505","$2,511,009","$2,511,009"
"Tolu Smith III","F","DET                  DET","25","2025","2026","2","$2,481,728","$1,240,864","$2,481,728","$2,481,728"
"Ryan Nembhard","PG","DAL                  DAL","22","2025","2026","2","$2,472,792","$1,236,396","$2,472,792","$2,472,792"
"Nah'Shon Hyland","PG","MIN                  MIN","25","2025","2025","1","$2,461,463","$2,461,463","$2,461,463","$2,461,463"
"Lindy Waters III","SF","SAS                  SAS","27","2025","2025","1","$2,461,463","$2,461,463","$2,461,463","$2,461,463"
"Jock Landale","C","ATL                  ATL","29","2025","2025","1","$2,461,463","$2,461,463","$933,658","$933,658"
"Mouhamadou Gueye","F","CHI                  CHI","27","2025","2026","2","$2,458,182","$1,229,091","$2,458,182","$2,458,182"
"Precious Achiuwa","PF","SAC                  SAC","26","2025","2025","1","$2,453,285","$2,453,285","$2,453,285","$2,453,285"
"Jahmir Young","PG","MIA                  MIA","25","2025","2026","2","$2,434,636","$1,217,318","$2,434,636","$2,434,636"
"Jordan McLaughlin","PG","SAS                  SAS","28","2024","2024","1","$2,425,403","$2,425,403","$975,737","$975,737"
"Vlatko Cancar","PF","DEN                  DEN","27","2024","2024","1","$2,425,403","$2,425,403","$2,425,403","$2,425,403"
"Bol Bol","PF","PHX                  PHX","24","2024","2024","1","$2,425,403","$2,425,403","$2,425,403","$2,425,403"
"Quinten Post","C","GSW                  GSW","24","2024","2025","2","$2,394,297","$1,197,149","$2,394,297","$2,394,297"
"Blake Wesley","SG","POR                  POR","22","2025","2025","1","$2,378,870","$2,378,870","$2,378,870","$2,378,870"
"Collin Gillespie","PG","PHX                  PHX","26","2025","2025","1","$2,378,870","$2,378,870","$2,378,870","$2,378,870"
"Max Shulga","G","BOS                  BOS","23","2025","2026","2","$2,363,062","$1,181,531","$2,363,062","$2,363,062"
"Brandon Williams","PG","DAL                  DAL","25","2024","2025","2","$2,318,724","$1,159,362","$2,318,724","$2,318,724"
"Keaton Wallace","G","ATL                  ATL","26","2025","2025","1","$2,296,274","$2,296,274","$2,296,274","$2,296,274"
"Bez Mbeng","G","UTA                  UTA","23","2025","2026","2","$2,224,070","$1,112,035","$2,224,070","$2,224,070"
"Malachi Smith","G","BKN                  BKN","26","2025","2026","2","$2,216,755","$1,108,378","$2,216,755","$2,216,755"
"Hayden Gray","G","UTA                  UTA","22","2025","2026","2","$2,165,548","$1,082,774","$2,165,548","$2,165,548"
"Mohamed Diawara","PF","NYK                  NYK","20","2025","2025","1","$1,272,870","$1,272,870","$1,272,870","$1,272,870"
"Jevon Carter","PG","ORL                  ORL","30","2025","2025","1","$1,168,625","$1,168,625","$1,168,625","$1,168,625"
"Mike Conley","PG","MIN                  MIN","38","2025","2025","1","$1,148,727","$1,148,727","$1,148,727","$1,148,727"
"Mason Plumlee","C","SAS                  SAS","35","2025","2025","1","$939,867","$939,867","$939,867","$939,867"
"Cameron Thomas","SG","MIL                  MIL","24","2025","2025","1","$905,366","$905,366","$905,366","$905,366"
"Kyle Anderson","PF","MIN                  MIN","32","2025","2025","1","$898,095","$898,095","$898,095","$898,095"
"Pat Spencer","G","GSW                  GSW","29","2025","2025","1","$857,804","$857,804","$857,804","$857,804"
"Tyus Jones","PG","DEN                  DEN","29","2025","2025","1","$814,552","$814,552","$814,552","$814,552"
"Jeremy Sochan","PF","NYK                  NYK","22","2025","2025","1","$806,628","$806,628","$806,628","$806,628"
"Spencer Jones","SF","DEN                  DEN","24","2025","2025","1","$623,967","$623,967","$623,967","$623,967"
"Mac McClung","PG","CHI                  CHI","27","2025","2025","1","$245,064","$245,064","$245,064","$245,064"
"Tosan Evbuomwan","SG","CHA                  CHA","24","2025","2026","2","$241,406","$120,703","$241,406","$241,406"
"Jeenathan Williams","SG","GSW                  GSW","27","2025","2025","1","$201,172","$201,172","$201,172","$201,172"
"Trevor Keels","SG","MIA                  MIA","22","2025","2025","1","$197,514","$197,514","$197,514","$197,514"
"Sean Pedulla","G","LAC                  LAC","23","2025","2025","1","$193,857","$193,857","$193,857","$193,857"
"Tyrese Martin","SF","PHI                  PHI","26","2025","2025","1","$193,857","$193,857","$193,857","$193,857"
"Norchad Omier","F","LAC                  LAC","24","2025","2025","1","$190,199","$190,199","$190,199","$190,199"
"Jalen Slawson","PF","IND                  IND","26","2025","2025","1","$160,938","$160,938","$160,938","$160,938"
"John Tonje","G","BOS                  BOS","24","2025","2025","1","$157,280","$157,280","$157,280","$157,280"
"Olivier Sarr","C","CLE                  CLE","27","2025","2025","1","$149,965","$149,965","$149,965","$149,965"
"David Roddy","PF","DEN                  DEN","24","2025","2025","1","$146,307","$146,307","$146,307","$146,307"
"Josh Oduro","C","NOP                  NOP","25","2025","2025","1","$146,307","$146,307","$146,307","$146,307"
"Rayan Rupert","SG","MEM                  MEM","21","2025","2025","1","$146,307","$146,307","$146,307","$146,307"
"Tony Bradley","C","ATL                  ATL","28","2025","2025","1","$123,945","$123,945","$123,945","$123,945"
"Charles Bassey","C","GSW                  GSW","25","2025","2025","1","$113,171","$113,171","$113,171","$113,171"
"Grant Nelson","F","BKN                  BKN","23","2025","2025","10","$73,153","$7,315","$73,153","$73,153"
"A.J. Lawson","F","TOR                  TOR","25","2025","2025","1","$27,343","$27,343","$27,343","$27,343"
"Colin Castleton","PF","ORL                  ORL","25","2025","2025","1","","","$85,300","$85,300"
"Moussa Cisse","F","DAL                  DAL","23","2025","2025","1","","","$85,300","$85,300"
"Alex Antetokounmpo","SF","MIL                  MIL","23","2025","2025","1","","","",""
"Sharife Cooper","PG","WAS                  WAS","24","2025","2025","1","","","$85,300","$85,300"
"Trey Jemison","PF","NYK                  NYK","25","2025","2025","1","","","$85,300","$85,300"
"Kevin McCullar Jr.","SG","NYK                  NYK","24","2025","2025","1","","","$85,300","$85,300"
"E.J. Liddell","PF","BKN                  BKN","24","2025","2025","1","","","$85,300","$85,300"
"Oscar Tshiebwe","PF","UTA                  UTA","25","2025","2025","1","","","$85,300","$85,300"
"Harrison Ingram","SF","SAS                  SAS","22","2025","2025","1","","","$85,300","$85,300"
"Enrique Freeman","PF","MIN                  MIN","25","2025","2025","1","","","$85,300","$85,300"
"Daeqwon Plowden","G","SAC                  SAC","26","2025","2025","1","","","$75,000","$75,000"
"Isaiah Crawford","G","HOU                  HOU","23","2025","2025","1","","","$85,300","$85,300"
"Antonio Reeves","SG","CHA                  CHA","24","2025","2025","1","","","$85,300","$85,300"
"Chris Manon","G","LAL                  LAL","23","2025","2025","1","","","",""
"Taelon Peter","G","IND                  IND","23","2025","2026","2","","","$85,300","$85,300"
"David Jones-Garcia","SF","SAS                  SAS","23","2025","2025","1","","","$85,300","$85,300"
"Curtis Jones","G","DEN                  DEN","23","2025","2025","1","","","$85,300","$85,300"
"Branden Carlson","C","OKC                  OKC","26","2025","2025","1","","","$85,300","$85,300"
"Javon Small","G","MEM                  MEM","22","2025","2026","2","","","$85,300","$85,300"
"Alijah Martin","SG","TOR                  TOR","23","2025","2025","1","","","$85,300","$85,300"
"Rocco Zikarsky","C","MIN                  MIN","18","2025","2026","2","","","$85,300","$85,300"
"Isaiah Stevens","PG","SAC                  SAC","24","2025","2025","1","","","$85,300","$85,300"
"Isaiah Livers","SF","PHX                  PHX","26","2025","2025","1","","","$85,300","$85,300"
"Koby Brea","G","PHX                  PHX","22","2025","2025","1","","","$85,300","$85,300"
"Lachlan Olbrich","C","CHI                  CHI","21","2025","2025","1","","","$85,300","$85,300"
"Hunter Dickinson","COA","NOP                  NOP","24","2025","2025","1","","","$85,300","$85,300"
"Trey Alexander","SG","NOP                  NOP","22","2025","2025","1","","","$85,300","$85,300"
"Brooks Barnhizer","SF","OKC                  OKC","23","2025","2025","1","","","$85,300","$85,300"
"Tyson Etienne","G","BKN                  BKN","25","2025","2025","1","","","$85,300","$85,300"
"Vladislav Goldin","C","MIA                  MIA","24","2025","2025","1","","","$85,300","$85,300"
"Chucky Hepburn","G","TOR                  TOR","22","2025","2025","1","","","$85,300","$85,300"
"Caleb Love","G","POR                  POR","23","2025","2025","1","","","$85,300","$85,300"
"Elijah Harkless","PG","UTA                  UTA","24","2024","2025","2","","","",""
"Keshon Gilbert","G","ATL                  ATL","22","2025","2026","2","","","$146,307","$146,307"
"Jayson Kent","SG","POR                  POR","24","2025","2026","2","","","$149,965","$149,965"
"Chris Youngblood","SG","POR                  POR","24","2025","2026","2","","","$149,965","$149,965"
"Payton Sandfort","SF","OKC                  OKC","23","2025","2026","2","","","$153,622","$153,622"
"CJ Huntley","F","PHX                  PHX","24","2025","2026","2","","","$153,622","$153,622"
"Tyler Smith","SF","DAL                  DAL","21","2025","2026","2","","","$157,280","$157,280"
"John Poulakidas","G","DAL                  DAL","22","2025","2026","2","","","$157,280","$157,280"
"Zyon Pullin","PG","MIN                  MIN","24","2025","2026","2","","","$157,280","$157,280"
"Julian Reese","F","WAS                  WAS","22","2025","2026","2","","","$160,938","$160,938"
"Cormac Ryan","SG","MIL                  MIL","27","2025","2026","2","","","$168,253","$168,253"
"Emanuel Miller","SF","SAS                  SAS","25","2025","2026","2","","","$179,226","$179,226"
"Patrick Baldwin Jr.","SF","SAC                  SAC","23","2025","2025","1","","","$182,884","$182,884"
"Leaky Black","SF","WAS                  WAS","26","2025","2026","2","","","$186,541","$186,541"
"K.J. Simpson","PG","DEN                  DEN","23","2025","2026","2","","","$193,857","$193,857"
"Alex Morales","G","ORL                  ORL","28","2025","2026","2","","","$201,172","$201,172"
"Riley Minix","SF","CLE                  CLE","25","2025","2026","2","","","$215,803","$215,803"
"Isaac Jones","C","DET                  DET","25","2025","2026","2","","","$230,433","$230,433"
"Blake Hinson","SG","UTA                  UTA","26","2025","2026","2","","","$230,433","$230,433"
"Tristan Enaruna","PF","CLE                  CLE","24","2025","2026","2","","","$274,325","$274,325"
"Dillon Jones","SF","NYK                  NYK","24","2025","2025","1","","","$303,587","$303,587"
"Christian Koloko","C","ATL                  ATL","25","2025","2025","1","","","$314,560","$314,560"
"Yuki Kawamura","G","CHI                  CHI","24","2025","2025","1","","","$354,794","$354,794"
"Tristen Newton","PG","HOU                  HOU","24","2025","2026","2","","","$365,767","$365,767"
"RayJ Dennis","PG","ATL                  ATL","24","2025","2026","2","","","",""
"TyTy Washington Jr.","PG","LAC                  LAC","24","2025","2025","1","","","",""
"Chaney Johnson","F","BKN                  BKN","23","2025","2025","1","","","",""
"MarJon Beauchamp","SG","PHI                  PHI","25","2025","2025","1","","","",""
"P.J. Hall","PF","CHA                  CHA","23","2025","2026","2","","","$85,300","$85,300"
"Malevy Leons","PF","GSW                  GSW","26","2025","2026","2","","","$85,300","$85,300"
"L.J. Cryer","PG","GSW                  GSW","24","2025","2026","2","","","$85,300","$85,300"
"Ethan Thompson","SG","IND                  IND","26","2025","2026","2","","","",""
"Drew Timme","F","LAL                  LAL","25","2025","2025","1","","","$85,300","$85,300"
"Jahmai Mashack","F","MEM                  MEM","23","2025","2026","2","","","$270,668","$270,668"
"Wendell Moore Jr.","SG","DET                  DET","24","2025","2025","1","","","$85,300","$85,300"

